,entrada,saida,tempo_sobrevivencia,churn,gasto_mensal,numero_acessos,quantidade_reclamacoes
0,2021-09-26 12:36:44,2022-03-26 12:36:44,6,0,447.70364823354157,70,3
1,2021-07-06 06:41:18,2022-02-06 06:41:18,7,0,467.48852743784585,41,0
2,2021-09-27 23:57:30,2022-07-27 23:57:30,10,0,497.70852019089585,68,6
3,2021-11-07 20:42:47,2022-06-07 20:42:47,7,0,128.25286214876928,13,6
4,2021-09-02 00:03:08,2022-07-02 00:03:08,10,0,228.30890850619645,49,3
5,2021-06-04 02:38:12,2021-09-04 02:38:12,3,0,391.2073140668411,60,2
6,2021-01-26 20:41:29,2021-03-26 20:41:29,2,0,363.2092781242065,2,7
7,2021-11-06 10:37:10,2022-08-06 10:37:10,9,1,119.25315785293478,60,4
8,2021-06-18 19:43:06,2022-02-18 19:43:06,8,0,417.124906245778,5,9
9,2021-11-01 10:04:58,2022-11-01 10:04:58,12,1,150.9982573264973,44,6
10,2021-12-05 02:05:11,2022-10-05 02:05:11,10,1,150.7179266701804,27,3
11,2021-10-05 13:30:28,2022-05-05 13:30:28,7,0,291.6384903020361,32,3
12,2021-04-22 10:35:19,2022-01-22 10:35:19,9,1,316.8229706787664,21,7
13,2021-09-03 22:41:27,2022-01-03 22:41:27,4,1,311.038793527015,8,7
14,2021-05-02 20:07:30,2021-09-02 20:07:30,4,0,91.16907682898969,72,1
15,2021-09-04 12:54:45,2021-10-04 12:54:45,1,0,444.85738818367116,50,1
16,2021-03-27 16:54:12,2021-11-27 16:54:12,8,1,169.52001916491773,67,2
17,2021-02-27 15:45:05,2022-02-27 15:45:05,12,1,108.28171457726188,44,2
18,2021-06-11 11:56:07,2021-09-11 11:56:07,3,0,449.93663594103975,58,0
19,2021-08-03 15:08:27,2022-03-03 15:08:27,7,0,480.043174203389,3,2
20,2021-02-22 07:56:13,2022-02-22 07:56:13,12,0,437.9574277694528,86,5
21,2021-03-11 16:11:17,2021-05-11 16:11:17,2,0,414.28223362619514,70,7
22,2021-02-08 17:06:09,2021-04-08 17:06:09,2,1,344.8588912875598,2,9
23,2021-04-17 06:05:51,2021-11-17 06:05:51,7,0,297.8858167741127,87,5
24,2021-01-02 04:42:35,2021-07-02 04:42:35,6,0,89.14404196013456,44,4
25,2021-07-04 18:33:56,2021-10-04 18:33:56,3,1,233.80394588181443,2,3
26,2021-01-15 14:45:52,2021-10-15 14:45:52,9,0,217.70983265554128,81,2
27,2021-04-24 05:57:13,2022-02-24 05:57:13,10,0,166.8892026921468,35,3
28,2021-03-07 13:33:09,2021-09-07 13:33:09,6,1,375.5390511598632,98,6
29,2021-12-18 06:26:04,2022-10-18 06:26:04,10,1,273.1440807854469,87,0
30,2021-04-23 05:19:39,2022-02-23 05:19:39,10,0,86.47079715844157,30,6
31,2021-04-18 16:54:08,2021-10-18 16:54:08,6,0,149.08244087741508,8,0
32,2021-03-08 11:17:46,2021-04-08 11:17:46,1,0,357.46644364681816,22,1
33,2021-05-04 04:14:50,2021-09-04 04:14:50,4,0,84.25888677063509,44,3
34,2021-03-12 18:16:30,2022-01-12 18:16:30,10,0,433.0431113219459,58,0
35,2021-11-29 03:10:33,2022-05-29 03:10:33,6,0,272.81593715628844,36,10
36,2021-06-03 05:08:43,2021-12-03 05:08:43,6,0,266.26395979699157,69,10
37,2021-09-06 19:49:15,2022-08-06 19:49:15,11,0,316.5835030967829,77,10
38,2021-12-14 07:37:51,2022-12-14 07:37:51,12,0,421.1064346663171,93,8
39,2021-11-05 15:26:06,2022-04-05 15:26:06,5,0,206.51414355598686,31,5
40,2021-05-27 09:30:37,2021-06-27 09:30:37,1,0,355.1072686515786,47,0
41,2021-08-21 02:15:25,2022-04-21 02:15:25,8,0,304.57938379810594,55,0
42,2021-07-15 03:51:10,2021-12-15 03:51:10,5,0,170.1627215762396,80,5
43,2021-03-01 13:53:01,2022-03-01 13:53:01,12,1,445.3834938598211,62,3
44,2021-08-05 19:12:50,2022-08-05 19:12:50,12,0,408.8417097231177,30,3
45,2021-11-16 05:40:06,2022-11-16 05:40:06,12,1,346.3033255962915,55,10
46,2021-11-28 11:41:39,2022-04-28 11:41:39,5,1,432.76177809240886,16,5
47,2021-11-18 23:26:55,2022-06-18 23:26:55,7,0,440.28239043191104,12,10
48,2021-10-17 13:58:16,2022-02-17 13:58:16,4,0,368.76333952176566,17,6
49,2021-01-29 02:33:08,2021-07-29 02:33:08,6,0,426.6559977636524,16,8
50,2021-10-25 09:13:22,2022-02-25 09:13:22,4,0,363.8621577511776,12,9
51,2021-01-31 19:44:06,2021-04-30 19:44:06,3,1,356.0633472921352,8,4
52,2021-11-18 05:01:08,2022-06-18 05:01:08,7,0,328.37512019683294,84,8
53,2021-09-15 20:02:16,2022-05-15 20:02:16,8,0,388.72248780093855,3,3
54,2021-05-07 20:10:14,2021-09-07 20:10:14,4,0,121.37229738188317,16,9
55,2021-09-29 01:02:09,2021-11-29 01:02:09,2,0,446.3918416395178,30,1
56,2021-06-27 14:47:31,2022-06-27 14:47:31,12,1,442.3295874853544,23,2
57,2021-08-22 17:24:40,2022-06-22 17:24:40,10,0,63.16127736555161,92,10
58,2021-08-22 08:47:55,2021-11-22 08:47:55,3,0,421.6175377541432,5,0
59,2021-02-09 04:22:37,2021-03-09 04:22:37,1,1,107.99144036305034,84,5
60,2021-07-04 10:01:21,2022-03-04 10:01:21,8,1,200.80348441661386,65,5
61,2021-05-10 10:42:01,2021-08-10 10:42:01,3,0,384.5787153312235,30,0
62,2021-01-17 23:08:09,2022-01-17 23:08:09,12,0,122.34195322173869,21,10
63,2021-07-14 23:16:04,2022-05-14 23:16:04,10,0,418.085160853578,84,2
64,2021-08-04 07:28:01,2022-03-04 07:28:01,7,0,424.46038008098384,70,4
65,2021-08-14 23:01:39,2022-06-14 23:01:39,10,0,278.36048019237626,22,2
66,2021-11-27 14:19:07,2022-04-27 14:19:07,5,0,52.87364227257511,82,9
67,2021-05-12 20:32:46,2022-03-12 20:32:46,10,0,179.16715992871076,72,2
68,2021-06-27 18:21:47,2021-11-27 18:21:47,5,0,327.617113269084,32,9
69,2021-08-30 03:08:54,2022-03-30 03:08:54,7,1,491.53378011234054,33,2
70,2021-01-31 21:39:55,2021-10-31 21:39:55,9,0,334.31608715750076,16,4
71,2021-05-29 14:30:20,2022-05-29 14:30:20,12,0,166.91161147887192,76,4
72,2021-09-10 00:38:31,2022-02-10 00:38:31,5,0,335.30256639482513,38,3
73,2021-06-06 00:24:14,2021-07-06 00:24:14,1,1,292.99342087213495,98,0
74,2021-03-16 01:13:06,2022-01-16 01:13:06,10,0,400.9304278180146,14,4
75,2021-06-02 15:07:57,2022-04-02 15:07:57,10,0,98.14128747213128,36,9
76,2021-01-22 15:42:08,2021-02-22 15:42:08,1,1,392.4625561259126,97,4
77,2021-02-18 02:14:59,2021-04-18 02:14:59,2,1,293.5699604042496,23,3
78,2021-05-07 16:34:57,2021-11-07 16:34:57,6,1,483.3464017365476,66,5
79,2021-11-08 19:07:19,2022-08-08 19:07:19,9,0,203.84247471740875,85,9
80,2021-09-24 12:24:35,2022-05-24 12:24:35,8,0,334.6798519102767,2,3
81,2021-12-16 03:26:57,2022-05-16 03:26:57,5,1,469.4126474795079,91,6
82,2021-06-13 02:14:21,2021-07-13 02:14:21,1,1,96.12937759580566,73,6
83,2021-08-09 20:43:49,2022-03-09 20:43:49,7,0,471.75281925640303,65,1
84,2021-08-28 10:30:13,2022-01-28 10:30:13,5,0,359.548575035366,75,2
85,2021-09-16 12:13:55,2022-03-16 12:13:55,6,0,80.52667659732735,67,0
86,2021-09-14 20:25:25,2022-04-14 20:25:25,7,1,185.4336051260673,52,7
87,2021-01-04 03:30:36,2021-04-04 03:30:36,3,0,368.6774398903767,62,8
88,2021-02-11 11:45:02,2022-02-11 11:45:02,12,0,80.30777066094726,23,3
89,2021-11-12 12:35:29,2022-09-12 12:35:29,10,0,311.976707079323,26,5
90,2021-03-26 06:36:09,2021-06-26 06:36:09,3,0,205.64737562883053,68,8
91,2021-08-09 19:04:11,2022-01-09 19:04:11,5,0,329.4119829953647,82,5
92,2021-04-10 08:49:37,2021-10-10 08:49:37,6,0,70.58391521563078,55,8
93,2021-08-13 22:48:41,2022-05-13 22:48:41,9,1,442.1915627685693,6,3
94,2021-07-28 21:35:57,2022-07-28 21:35:57,12,0,488.0700361298286,35,7
95,2021-08-26 19:22:11,2022-01-26 19:22:11,5,0,485.99503487856117,22,8
96,2021-07-26 07:06:53,2021-08-26 07:06:53,1,0,387.3433242843161,43,3
97,2021-02-05 06:27:42,2021-06-05 06:27:42,4,0,108.53880805878438,15,4
98,2021-11-06 14:37:02,2022-04-06 14:37:02,5,0,391.2184381680602,86,7
99,2021-05-08 00:13:59,2022-05-08 00:13:59,12,0,61.06411240646068,60,9
100,2021-01-07 12:51:25,2021-11-07 12:51:25,10,0,59.95559818804877,12,5
101,2021-02-03 07:46:30,2021-12-03 07:46:30,10,0,195.62459861729357,49,6
102,2021-09-16 22:53:47,2022-02-16 22:53:47,5,0,269.8894356820996,42,2
103,2021-11-03 10:52:40,2022-06-03 10:52:40,7,1,396.68333801350695,38,6
104,2021-01-12 15:48:13,2021-05-12 15:48:13,4,0,357.48291947292734,82,7
105,2021-09-07 10:29:59,2021-10-07 10:29:59,1,1,250.65621786953676,45,9
106,2021-02-08 23:10:12,2021-07-08 23:10:12,5,0,173.13199982674965,35,5
107,2021-10-19 12:57:51,2022-05-19 12:57:51,7,1,498.70602507097004,30,9
108,2021-09-13 03:26:36,2022-07-13 03:26:36,10,1,241.78158600618784,88,8
109,2021-10-12 13:02:09,2022-08-12 13:02:09,10,0,253.12416094835396,30,5
110,2021-02-01 07:10:38,2021-08-01 07:10:38,6,0,123.63071953625114,78,8
111,2021-01-31 10:45:08,2021-06-30 10:45:08,5,0,407.66429693746824,6,3
112,2021-02-10 10:44:39,2021-06-10 10:44:39,4,0,362.1570016016699,67,7
113,2021-09-16 00:53:45,2021-11-16 00:53:45,2,1,149.34632575494217,80,10
114,2021-08-03 15:20:56,2021-12-03 15:20:56,4,1,87.07147052712921,7,3
115,2021-09-30 00:03:07,2022-07-30 00:03:07,10,1,356.2246859336209,52,1
116,2021-06-30 15:02:19,2022-04-30 15:02:19,10,0,344.53004642651086,14,9
117,2021-05-08 08:12:28,2021-08-08 08:12:28,3,1,172.9667871491942,73,10
118,2021-01-15 20:59:20,2021-11-15 20:59:20,10,1,477.88860301268465,15,8
119,2021-12-25 11:03:56,2022-01-25 11:03:56,1,0,117.9760513014051,21,4
120,2021-09-22 13:22:22,2022-05-22 13:22:22,8,0,244.55066046917085,35,3
121,2021-03-01 20:57:16,2021-08-01 20:57:16,5,1,474.6271640754195,66,1
122,2021-07-30 16:18:08,2021-11-30 16:18:08,4,0,238.87729261675503,91,0
123,2021-01-01 13:36:24,2021-09-01 13:36:24,8,1,337.3366764488385,2,10
124,2021-05-05 20:51:18,2021-12-05 20:51:18,7,0,228.91747908325743,35,6
125,2021-03-17 21:09:28,2021-05-17 21:09:28,2,1,173.3968410569015,82,5
126,2021-11-26 01:41:43,2021-12-26 01:41:43,1,0,492.7899415819227,78,1
127,2021-07-31 14:13:20,2022-07-31 14:13:20,12,0,234.20030284176937,20,7
128,2021-06-19 04:09:15,2022-05-19 04:09:15,11,0,452.3446416556105,82,10
129,2021-08-09 00:02:15,2021-12-09 00:02:15,4,1,153.47957265098879,10,3
130,2021-10-02 12:08:55,2022-06-02 12:08:55,8,1,145.8971168112875,25,7
131,2021-11-08 13:12:30,2022-11-08 13:12:30,12,0,64.01033729803011,66,6
132,2021-05-28 05:07:22,2021-07-28 05:07:22,2,0,343.2500714191483,25,4
133,2021-06-25 11:20:18,2021-09-25 11:20:18,3,1,215.8368546756925,54,9
134,2021-07-05 12:51:28,2022-07-05 12:51:28,12,0,438.9612124278367,33,9
135,2021-01-21 02:31:35,2021-02-21 02:31:35,1,1,262.9444580112007,36,7
136,2021-05-02 12:35:46,2021-06-02 12:35:46,1,0,485.68704256162476,95,8
137,2021-02-25 07:54:10,2021-05-25 07:54:10,3,0,133.4864820664045,14,4
138,2021-10-08 15:09:20,2022-09-08 15:09:20,11,0,440.88042558002485,65,9
139,2021-08-07 14:23:54,2022-01-07 14:23:54,5,0,399.4685837562838,80,4
140,2021-07-05 12:37:24,2022-07-05 12:37:24,12,1,396.9148300898234,54,1
141,2021-08-09 00:16:41,2021-11-09 00:16:41,3,0,430.15245265259944,52,4
142,2021-12-10 03:52:06,2022-01-10 03:52:06,1,0,392.4607959243495,3,2
143,2021-05-12 05:04:57,2021-06-12 05:04:57,1,1,331.7991447341369,99,6
144,2021-11-19 19:42:32,2022-07-19 19:42:32,8,0,109.0601949570744,41,9
145,2021-02-14 14:22:19,2021-12-14 14:22:19,10,0,64.63678077106336,6,4
146,2021-07-05 08:10:46,2022-06-05 08:10:46,11,1,464.3815315170591,25,7
147,2021-11-09 14:33:44,2022-11-09 14:33:44,12,1,327.4926415343321,13,0
148,2021-10-31 18:15:35,2022-10-31 18:15:35,12,0,408.44178093927934,98,2
149,2021-07-25 17:02:03,2021-09-25 17:02:03,2,1,266.6850581806475,8,2
150,2021-05-18 20:20:49,2021-08-18 20:20:49,3,1,102.78868503307751,21,8
151,2021-03-24 12:35:44,2021-05-24 12:35:44,2,0,106.33360649114769,98,4
152,2021-02-22 14:39:43,2021-05-22 14:39:43,3,0,358.5043792530371,68,8
153,2021-06-30 11:39:34,2022-01-30 11:39:34,7,1,243.6376527047582,25,8
154,2021-11-09 22:00:54,2021-12-09 22:00:54,1,1,140.2361270151515,79,0
155,2021-08-26 13:16:45,2022-06-26 13:16:45,10,0,271.2175460336466,68,1
156,2021-08-31 03:07:03,2022-04-30 03:07:03,8,1,78.89402168381034,45,4
157,2021-04-03 10:53:24,2022-02-03 10:53:24,10,1,311.8871308614795,60,3
158,2021-06-01 07:14:42,2022-04-01 07:14:42,10,0,171.04703199579396,12,9
159,2021-09-24 11:04:11,2022-07-24 11:04:11,10,0,408.9015952867347,32,8
160,2021-08-24 20:58:15,2021-10-24 20:58:15,2,0,189.6628815156082,96,6
161,2021-03-05 20:13:09,2021-06-05 20:13:09,3,1,254.84906708681055,92,5
162,2021-08-07 17:41:46,2022-05-07 17:41:46,9,0,55.22924295864529,13,6
163,2021-11-22 21:31:14,2022-06-22 21:31:14,7,0,82.6010995075515,31,0
164,2021-06-22 05:48:48,2021-10-22 05:48:48,4,1,226.62210038300816,78,0
165,2021-01-06 16:27:14,2021-11-06 16:27:14,10,1,265.9724756227056,20,7
166,2021-04-30 15:21:08,2021-09-30 15:21:08,5,0,320.00924665368666,18,1
167,2021-05-28 05:54:54,2021-07-28 05:54:54,2,1,181.24816041918646,93,9
168,2021-04-25 16:41:49,2022-03-25 16:41:49,11,0,362.74184875694414,60,10
169,2021-09-14 16:40:34,2022-05-14 16:40:34,8,1,437.05507873514205,63,8
170,2021-05-28 18:22:56,2021-09-28 18:22:56,4,0,400.9329450020074,6,6
171,2021-05-29 02:42:12,2022-02-28 02:42:12,9,0,67.82847140676071,32,5
172,2021-11-24 13:49:13,2022-04-24 13:49:13,5,1,266.228126266023,93,0
173,2021-03-22 00:42:30,2021-12-22 00:42:30,9,0,97.21858028817869,43,0
174,2021-09-23 13:28:30,2022-01-23 13:28:30,4,0,158.92025713813734,2,1
175,2021-10-29 15:47:25,2022-08-29 15:47:25,10,1,493.9981669702159,60,5
176,2021-03-21 22:32:06,2021-08-21 22:32:06,5,1,114.12299430568095,23,5
177,2021-03-10 03:46:34,2021-12-10 03:46:34,9,1,274.4996690531102,83,1
178,2021-12-20 07:58:00,2022-08-20 07:58:00,8,1,328.1700804431536,31,0
179,2021-10-09 15:49:34,2022-01-09 15:49:34,3,0,366.1092367448468,5,9
180,2021-03-17 08:27:05,2021-04-17 08:27:05,1,0,301.84190756911136,83,4
181,2021-04-09 12:10:17,2021-07-09 12:10:17,3,0,54.396881338632646,34,4
182,2021-04-02 07:02:19,2021-08-02 07:02:19,4,0,196.90758870979636,10,1
183,2021-11-11 14:42:20,2022-01-11 14:42:20,2,1,282.97023952312014,89,5
184,2021-11-15 11:29:54,2021-12-15 11:29:54,1,0,89.53992461517501,2,8
185,2021-01-09 21:46:38,2021-08-09 21:46:38,7,0,207.78211904413135,11,1
186,2021-09-13 10:35:11,2022-05-13 10:35:11,8,0,64.94139895611495,50,9
187,2021-06-28 20:28:22,2022-01-28 20:28:22,7,1,85.36032371975934,31,1
188,2021-11-26 02:14:08,2022-04-26 02:14:08,5,0,228.61547429071823,56,2
189,2021-04-03 06:16:19,2022-04-03 06:16:19,12,0,109.72208931937716,79,6
190,2021-02-08 13:17:48,2021-03-08 13:17:48,1,0,305.3933817177012,73,5
191,2021-02-07 16:33:35,2021-09-07 16:33:35,7,1,360.2592361117696,87,7
192,2021-01-11 02:52:51,2021-08-11 02:52:51,7,0,410.2640145990873,83,7
193,2021-03-07 10:37:17,2021-12-07 10:37:17,9,1,140.06760991016455,9,5
194,2021-11-21 01:24:52,2022-02-21 01:24:52,3,1,125.36716201658139,99,10
195,2021-12-20 04:16:22,2022-09-20 04:16:22,9,0,97.05552815048011,21,9
196,2021-05-22 22:00:06,2021-06-22 22:00:06,1,1,336.3936122946365,73,2
197,2021-07-25 10:46:04,2021-08-25 10:46:04,1,1,367.9140769191055,28,2
198,2021-02-08 16:53:34,2021-06-08 16:53:34,4,1,64.21376517153891,62,0
199,2021-10-03 22:46:02,2022-07-03 22:46:02,9,0,471.2955108096604,7,6
200,2021-04-22 03:14:43,2021-10-22 03:14:43,6,0,73.38707764316258,80,4
201,2021-09-24 03:03:40,2022-08-24 03:03:40,11,1,293.5833508854817,16,3
202,2021-11-28 10:31:59,2022-02-28 10:31:59,3,0,369.0772337529124,97,9
203,2021-09-12 06:59:18,2021-10-12 06:59:18,1,1,441.93610568573854,4,3
204,2021-02-04 05:57:14,2021-06-04 05:57:14,4,1,371.3391194595925,4,3
205,2021-12-29 03:16:02,2022-12-29 03:16:02,12,1,410.7776373814063,40,5
206,2021-09-05 02:58:29,2022-06-05 02:58:29,9,0,202.75258664426272,17,7
207,2021-09-29 19:23:07,2021-12-29 19:23:07,3,0,416.67130118593053,52,7
208,2021-01-01 12:06:25,2022-01-01 12:06:25,12,1,86.0516808731038,93,4
209,2021-12-23 06:01:13,2022-09-23 06:01:13,9,1,452.66749522723745,52,5
210,2021-06-20 15:35:08,2022-01-20 15:35:08,7,0,296.4165692691813,36,3
211,2021-11-23 15:43:57,2022-11-23 15:43:57,12,1,417.78399648312217,38,10
212,2021-01-30 09:24:08,2021-05-30 09:24:08,4,1,253.54322803323507,50,8
213,2021-07-15 10:46:12,2021-10-15 10:46:12,3,0,339.6099628384362,63,7
214,2021-08-01 09:59:33,2022-06-01 09:59:33,10,0,286.88119742125093,63,9
215,2021-06-19 11:46:35,2021-11-19 11:46:35,5,0,379.21528478989933,62,9
216,2021-12-04 21:14:03,2022-05-04 21:14:03,5,0,86.7334919137653,99,0
217,2021-12-09 03:12:43,2022-03-09 03:12:43,3,0,77.15843779575371,7,1
218,2021-05-02 15:54:59,2022-05-02 15:54:59,12,1,161.19645530456592,27,8
219,2021-04-07 03:21:01,2022-01-07 03:21:01,9,0,121.79510605093475,92,7
220,2021-01-24 06:03:41,2021-05-24 06:03:41,4,0,442.3026049664908,86,2
221,2021-01-14 21:44:42,2021-12-14 21:44:42,11,0,148.64629431111996,14,7
222,2021-07-20 10:59:11,2021-12-20 10:59:11,5,0,489.1393651186091,71,0
223,2021-05-17 20:03:05,2021-09-17 20:03:05,4,1,201.60310629699808,86,9
224,2021-09-01 14:28:06,2022-02-01 14:28:06,5,0,131.95306205991466,5,3
225,2021-09-29 17:33:15,2022-04-29 17:33:15,7,0,405.36432821411563,55,2
226,2021-08-24 09:28:56,2022-05-24 09:28:56,9,1,346.41849897539424,2,5
227,2021-10-01 13:53:42,2022-05-01 13:53:42,7,0,274.18807240391254,62,6
228,2021-01-29 18:06:53,2021-06-29 18:06:53,5,0,299.91359792193407,91,3
229,2021-02-03 15:36:00,2021-12-03 15:36:00,10,0,373.64080022251875,21,6
230,2021-11-20 11:26:56,2022-09-20 11:26:56,10,0,152.8046335990844,79,8
231,2021-03-10 05:39:04,2021-10-10 05:39:04,7,0,498.35026222553387,21,10
232,2021-12-18 05:01:14,2022-10-18 05:01:14,10,0,488.65692296605243,10,1
233,2021-09-18 02:58:05,2022-02-18 02:58:05,5,0,342.6465588561216,87,10
234,2021-01-26 20:50:00,2021-04-26 20:50:00,3,1,139.7941029181153,58,2
235,2021-10-02 03:22:27,2022-05-02 03:22:27,7,0,356.1027090940811,39,4
236,2021-02-20 00:37:32,2022-01-20 00:37:32,11,0,82.48928404062913,5,2
237,2021-03-09 09:16:24,2022-02-09 09:16:24,11,1,63.79362599261273,65,10
238,2021-01-05 15:51:30,2021-03-05 15:51:30,2,0,165.95729983004617,13,7
239,2021-12-12 14:12:54,2022-12-12 14:12:54,12,1,258.1803305326923,85,9
240,2021-01-30 11:53:41,2021-10-30 11:53:41,9,0,440.7226274337712,90,7
241,2021-05-26 21:21:11,2022-03-26 21:21:11,10,1,377.2260813948386,85,7
242,2021-05-22 03:33:46,2022-03-22 03:33:46,10,0,384.21793453999146,53,8
243,2021-06-16 10:55:04,2022-06-16 10:55:04,12,0,241.47200050163391,82,3
244,2021-01-23 14:48:29,2021-02-23 14:48:29,1,0,205.67074664613332,45,4
245,2021-06-16 22:01:08,2021-12-16 22:01:08,6,1,216.9674433430712,32,4
246,2021-09-03 08:54:56,2022-04-03 08:54:56,7,0,494.442303681226,36,7
247,2021-05-14 02:49:22,2022-01-14 02:49:22,8,0,68.04913613561712,81,6
248,2021-07-08 06:27:53,2022-05-08 06:27:53,10,0,440.16417325510184,99,8
249,2021-03-25 09:32:27,2021-12-25 09:32:27,9,1,310.40393385757704,60,7
250,2021-04-07 08:08:55,2021-06-07 08:08:55,2,0,247.3769386353157,11,1
251,2021-09-26 22:01:50,2022-08-26 22:01:50,11,1,376.3659471868114,63,9
252,2021-07-30 04:51:06,2022-05-30 04:51:06,10,0,269.00102364111626,21,3
253,2021-05-24 16:25:25,2021-07-24 16:25:25,2,0,443.04045713674725,52,5
254,2021-01-01 16:58:07,2021-06-01 16:58:07,5,0,455.31583880506633,55,1
255,2021-06-07 08:44:15,2021-11-07 08:44:15,5,0,239.77441709305495,26,6
256,2021-06-19 17:39:35,2021-12-19 17:39:35,6,0,174.5725087557732,68,2
257,2021-09-26 08:52:03,2021-12-26 08:52:03,3,0,316.55764786701303,34,2
258,2021-07-31 11:56:32,2022-03-31 11:56:32,8,1,460.5635055275109,52,10
259,2021-04-29 22:03:41,2021-05-29 22:03:41,1,0,144.79798505254996,82,1
260,2021-05-31 17:25:04,2021-11-30 17:25:04,6,0,330.33496260356725,99,10
261,2021-07-14 15:16:09,2021-11-14 15:16:09,4,0,334.20209904163426,93,7
262,2021-03-17 01:15:31,2021-04-17 01:15:31,1,0,379.90086008687643,52,5
263,2021-08-22 01:40:27,2022-03-22 01:40:27,7,0,109.20545830726691,29,0
264,2021-03-30 14:21:49,2021-12-30 14:21:49,9,0,372.1212341069399,38,0
265,2021-02-19 07:13:42,2021-06-19 07:13:42,4,0,459.06463429953845,42,6
266,2021-09-09 14:00:33,2022-01-09 14:00:33,4,1,130.85739899160887,21,7
267,2021-03-08 06:26:10,2021-09-08 06:26:10,6,1,156.89449621574494,42,4
268,2021-07-19 00:08:16,2022-07-19 00:08:16,12,0,487.1277923187378,13,10
269,2021-06-28 11:37:20,2021-09-28 11:37:20,3,0,131.4396287192704,64,4
270,2021-10-04 00:58:31,2022-10-04 00:58:31,12,1,434.4732920163106,17,3
271,2021-10-08 05:08:32,2022-04-08 05:08:32,6,0,271.5250354016157,9,5
272,2021-02-27 11:10:50,2021-09-27 11:10:50,7,0,161.25398348142966,41,5
273,2021-01-10 09:52:48,2021-12-10 09:52:48,11,0,441.8374555726301,1,2
274,2021-01-03 14:34:41,2021-11-03 14:34:41,10,1,250.38736475119947,2,8
275,2021-05-14 04:11:45,2022-03-14 04:11:45,10,1,281.6678092683606,60,10
276,2021-08-26 23:08:11,2021-11-26 23:08:11,3,0,211.65501622989456,48,6
277,2021-08-17 20:29:41,2022-03-17 20:29:41,7,0,316.82788314571735,29,0
278,2021-03-31 12:21:42,2021-06-30 12:21:42,3,0,123.58574266326025,97,6
279,2021-09-16 22:32:04,2021-11-16 22:32:04,2,1,225.9866914932923,10,4
280,2021-03-07 16:18:39,2022-03-07 16:18:39,12,0,486.2355450508794,58,4
281,2021-04-11 05:02:24,2022-02-11 05:02:24,10,0,166.1600447155074,60,1
282,2021-03-18 11:54:40,2021-07-18 11:54:40,4,1,345.5314990435815,21,3
283,2021-09-15 20:12:02,2022-09-15 20:12:02,12,0,196.3355289011127,28,5
284,2021-02-20 14:28:13,2021-10-20 14:28:13,8,1,398.06290655897027,75,9
285,2021-08-01 06:09:05,2022-05-01 06:09:05,9,0,108.89314732325742,34,10
286,2021-09-10 10:00:11,2022-04-10 10:00:11,7,0,486.41947028534514,8,6
287,2021-05-03 19:36:57,2021-06-03 19:36:57,1,0,254.20529362263767,59,10
288,2021-03-05 09:40:47,2021-06-05 09:40:47,3,1,156.22270850590877,86,4
289,2021-10-27 03:51:33,2022-10-27 03:51:33,12,1,83.0735362985057,72,8
290,2021-12-03 00:04:06,2022-09-03 00:04:06,9,1,126.39105728939333,49,2
291,2021-01-13 22:50:43,2022-01-13 22:50:43,12,0,283.89827685020794,79,0
292,2021-05-16 15:01:10,2021-06-16 15:01:10,1,1,201.65142939407883,17,3
293,2021-07-09 06:03:54,2022-04-09 06:03:54,9,0,422.9975146471743,60,8
294,2021-05-03 15:11:51,2022-01-03 15:11:51,8,0,243.89938564781266,87,3
295,2021-06-12 04:22:18,2021-07-12 04:22:18,1,1,161.92142266443346,88,1
296,2021-03-24 05:07:10,2021-09-24 05:07:10,6,0,327.71524397181355,45,9
297,2021-11-08 10:08:37,2022-04-08 10:08:37,5,0,368.0497475984506,83,4
298,2021-01-30 14:37:11,2021-07-30 14:37:11,6,0,125.16885855542743,69,2
299,2021-03-19 01:58:28,2022-01-19 01:58:28,10,0,125.42864732974294,32,8
300,2021-12-30 04:11:31,2022-12-30 04:11:31,12,0,66.50214212009433,44,3
301,2021-12-08 01:03:29,2022-05-08 01:03:29,5,0,381.38090677953824,65,5
302,2021-02-05 15:39:49,2021-08-05 15:39:49,6,0,348.7120374298123,87,1
303,2021-01-20 05:38:29,2021-06-20 05:38:29,5,1,263.58389408741624,8,5
304,2021-08-13 22:09:14,2022-07-13 22:09:14,11,1,429.8767020361387,77,2
305,2021-07-15 10:54:54,2022-07-15 10:54:54,12,0,412.5515688275239,72,8
306,2021-08-05 08:27:27,2022-01-05 08:27:27,5,0,313.40946397853844,87,10
307,2021-03-15 01:55:27,2021-07-15 01:55:27,4,0,440.72207623096637,43,1
308,2021-12-23 19:05:04,2022-03-23 19:05:04,3,0,142.62854451654573,1,8
309,2021-04-24 08:11:52,2021-07-24 08:11:52,3,0,100.36382872897755,51,4
310,2021-01-24 05:49:47,2021-05-24 05:49:47,4,1,171.38732518264533,24,7
311,2021-01-20 04:51:06,2021-10-20 04:51:06,9,0,75.68908524019169,99,1
312,2021-12-06 13:42:29,2022-02-06 13:42:29,2,0,289.0262876004644,24,5
313,2021-01-25 20:53:35,2021-10-25 20:53:35,9,0,471.4725615327327,17,2
314,2021-03-27 03:15:40,2021-04-27 03:15:40,1,0,67.70459330082934,5,9
315,2021-12-04 20:18:10,2022-01-04 20:18:10,1,1,104.94946130451206,20,4
316,2021-09-04 08:04:35,2022-02-04 08:04:35,5,1,253.4895627275459,21,7
317,2021-10-08 16:25:31,2022-04-08 16:25:31,6,0,470.2437578875572,58,9
318,2021-10-10 19:40:42,2022-04-10 19:40:42,6,1,192.27024723953772,31,0
319,2021-03-16 02:53:23,2021-06-16 02:53:23,3,0,278.25566390977656,100,4
320,2021-02-17 20:41:54,2021-09-17 20:41:54,7,1,68.70778657267644,11,2
321,2021-01-11 12:58:01,2021-10-11 12:58:01,9,1,116.75444043293999,52,3
322,2021-08-01 18:53:54,2022-07-01 18:53:54,11,0,493.9835553314811,15,1
323,2021-08-28 06:47:26,2022-08-28 06:47:26,12,0,484.3034133962205,83,8
324,2021-09-02 09:00:03,2022-07-02 09:00:03,10,0,52.22299142048433,7,2
325,2021-08-15 01:43:59,2022-04-15 01:43:59,8,0,478.3153034404575,28,1
326,2021-05-01 14:59:18,2021-11-01 14:59:18,6,1,337.60397201697515,51,9
327,2021-05-04 20:23:15,2022-05-04 20:23:15,12,0,440.56323253400996,58,10
328,2021-05-31 06:53:28,2022-01-31 06:53:28,8,0,254.63293503523659,5,8
329,2021-06-20 21:22:40,2022-06-20 21:22:40,12,1,282.01821286066263,5,6
330,2021-12-12 08:07:03,2022-05-12 08:07:03,5,1,269.9809611156141,94,5
331,2021-07-15 00:08:31,2022-03-15 00:08:31,8,0,350.08891589574694,96,0
332,2021-04-16 16:49:42,2022-02-16 16:49:42,10,0,112.8430646403408,8,4
333,2021-12-17 02:00:49,2022-12-17 02:00:49,12,0,63.48811544270508,64,10
334,2021-03-30 02:48:07,2021-07-30 02:48:07,4,0,188.56847371603592,10,10
335,2021-08-23 01:23:12,2022-06-23 01:23:12,10,1,367.106343231491,38,2
336,2021-07-09 15:36:42,2022-03-09 15:36:42,8,0,140.83405345532677,96,0
337,2021-09-12 22:57:31,2022-07-12 22:57:31,10,0,353.04459499621277,92,3
338,2021-02-11 19:30:00,2022-02-11 19:30:00,12,0,486.4604207482717,81,1
339,2021-07-23 17:43:52,2021-09-23 17:43:52,2,0,92.25532210523826,95,1
340,2021-10-23 14:35:29,2022-10-23 14:35:29,12,1,352.6709532013068,8,2
341,2021-05-21 02:44:38,2022-05-21 02:44:38,12,1,249.687598687057,25,7
342,2021-04-29 13:58:54,2021-09-29 13:58:54,5,0,440.66401446987743,73,7
343,2021-04-27 06:57:33,2022-01-27 06:57:33,9,0,129.71740525132367,66,6
344,2021-01-24 10:59:53,2021-05-24 10:59:53,4,0,361.68167850177406,79,5
345,2021-01-07 10:03:14,2021-12-07 10:03:14,11,1,427.1518803416496,50,8
346,2021-04-09 19:12:06,2021-10-09 19:12:06,6,1,475.07639876331046,67,3
347,2021-07-05 14:53:47,2021-08-05 14:53:47,1,0,357.4616127303406,49,0
348,2021-06-03 02:29:35,2022-03-03 02:29:35,9,1,273.7286438037923,36,7
349,2021-08-23 17:48:09,2021-09-23 17:48:09,1,1,328.0312580905462,68,6
350,2021-10-06 16:01:51,2022-03-06 16:01:51,5,0,441.0072430154232,78,6
351,2021-01-26 12:24:24,2021-05-26 12:24:24,4,1,306.77438598747335,41,2
352,2021-02-20 06:02:27,2022-02-20 06:02:27,12,0,63.67417686357659,89,3
353,2021-11-05 20:29:47,2022-02-05 20:29:47,3,0,468.92691297814,62,9
354,2021-05-30 23:02:08,2021-11-30 23:02:08,6,0,360.2870379642025,10,8
355,2021-07-22 03:09:52,2021-09-22 03:09:52,2,0,354.4310235997609,21,5
356,2021-12-23 04:29:35,2022-03-23 04:29:35,3,0,147.0538185789727,36,4
357,2021-08-11 19:03:25,2022-01-11 19:03:25,5,1,346.49846160469576,12,2
358,2021-11-24 15:04:43,2022-08-24 15:04:43,9,0,227.2389825443713,91,8
359,2021-06-29 06:03:48,2021-08-29 06:03:48,2,1,343.05483966867143,2,4
360,2021-04-09 10:53:24,2022-02-09 10:53:24,10,0,97.96686363859583,13,4
361,2021-01-15 08:44:42,2021-09-15 08:44:42,8,0,346.0303870713662,53,3
362,2021-03-02 00:08:22,2021-05-02 00:08:22,2,0,499.73617659679996,32,3
363,2021-06-03 17:14:48,2022-05-03 17:14:48,11,0,71.69541748725021,95,0
364,2021-09-28 02:50:16,2022-02-28 02:50:16,5,1,489.72838289959276,16,6
365,2021-09-29 09:31:14,2022-04-29 09:31:14,7,0,233.10858232529176,32,8
366,2021-09-08 19:18:42,2022-05-08 19:18:42,8,0,441.8390526517666,32,2
367,2021-12-25 04:42:23,2022-01-25 04:42:23,1,0,402.07346782622307,98,1
368,2021-05-25 17:07:27,2021-11-25 17:07:27,6,1,305.1573174440005,11,2
369,2021-11-19 09:12:34,2021-12-19 09:12:34,1,1,382.30214416309695,10,0
370,2021-08-25 17:02:11,2021-10-25 17:02:11,2,1,445.3320025856066,15,5
371,2021-08-01 10:59:35,2021-09-01 10:59:35,1,0,231.86314474296483,17,10
372,2021-10-29 18:32:21,2022-09-29 18:32:21,11,0,197.16492270345742,40,10
373,2021-11-17 00:53:11,2022-04-17 00:53:11,5,0,350.4170235036131,18,6
374,2021-09-04 10:38:24,2022-07-04 10:38:24,10,0,413.53067387356634,55,10
375,2021-03-11 22:11:35,2021-12-11 22:11:35,9,0,393.0283106494771,73,10
376,2021-12-23 20:13:39,2022-06-23 20:13:39,6,0,409.0161419863855,25,1
377,2021-10-27 00:07:38,2022-09-27 00:07:38,11,0,246.01249166581985,59,7
378,2021-10-23 15:38:24,2022-09-23 15:38:24,11,0,418.0253972787597,78,5
379,2021-09-25 09:03:03,2021-10-25 09:03:03,1,1,104.09407491677379,89,3
380,2021-07-23 08:19:47,2021-08-23 08:19:47,1,0,295.0200940823823,22,4
381,2021-01-06 19:12:37,2021-03-06 19:12:37,2,0,52.591397224154704,30,7
382,2021-09-02 20:39:03,2022-06-02 20:39:03,9,1,196.06362345512164,84,2
383,2021-08-30 22:01:55,2021-11-30 22:01:55,3,0,214.90769069212905,85,2
384,2021-05-08 08:08:29,2021-06-08 08:08:29,1,1,228.27771122416493,44,10
385,2021-03-10 19:49:54,2021-08-10 19:49:54,5,0,362.960243010438,32,3
386,2021-09-11 06:53:35,2022-04-11 06:53:35,7,0,224.8511455716556,51,0
387,2021-05-11 21:49:12,2021-11-11 21:49:12,6,1,251.9121301801388,46,8
388,2021-12-27 11:41:22,2022-12-27 11:41:22,12,1,156.89485889344735,21,7
389,2021-09-02 06:26:32,2021-10-02 06:26:32,1,1,217.96330623320304,99,7
390,2021-09-09 14:42:36,2022-02-09 14:42:36,5,0,152.27133226841818,32,9
391,2021-05-13 18:36:01,2021-10-13 18:36:01,5,0,82.93816569579964,94,5
392,2021-08-15 13:58:23,2022-02-15 13:58:23,6,0,321.55186702162007,39,6
393,2021-02-03 14:55:41,2021-05-03 14:55:41,3,0,350.69575934975734,12,5
394,2021-04-03 09:37:21,2021-09-03 09:37:21,5,1,328.77065570432654,47,8
395,2021-03-03 13:53:05,2021-10-03 13:53:05,7,0,258.57231971025755,18,2
396,2021-08-07 11:40:37,2022-01-07 11:40:37,5,1,220.90360108065343,21,2
397,2021-06-04 16:19:46,2021-11-04 16:19:46,5,0,438.50014230732137,13,2
398,2021-06-25 04:00:15,2021-11-25 04:00:15,5,0,283.5868033112981,21,9
399,2021-04-23 20:10:36,2022-02-23 20:10:36,10,0,265.63184493337894,8,2
400,2021-10-02 08:47:36,2022-08-02 08:47:36,10,1,61.538929612896055,46,8
401,2021-07-21 08:08:03,2021-10-21 08:08:03,3,1,203.56152243177036,7,3
402,2021-03-03 17:25:52,2021-04-03 17:25:52,1,1,221.08802845363567,23,6
403,2021-05-02 19:23:47,2021-10-02 19:23:47,5,1,229.47025140360523,96,8
404,2021-05-23 20:54:56,2022-02-23 20:54:56,9,1,311.07756615229954,75,10
405,2021-03-26 19:35:41,2021-04-26 19:35:41,1,1,290.1211460270953,86,6
406,2021-09-10 21:16:04,2021-12-10 21:16:04,3,0,323.55729175705005,22,8
407,2021-12-12 08:56:15,2022-04-12 08:56:15,4,0,394.1974676939577,89,2
408,2021-08-02 22:45:39,2021-09-02 22:45:39,1,0,415.84358242224204,22,3
409,2021-12-19 15:12:55,2022-01-19 15:12:55,1,1,373.1553843019225,92,7
410,2021-03-01 10:10:07,2021-11-01 10:10:07,8,1,479.98566317972063,29,5
411,2021-04-09 13:49:59,2021-06-09 13:49:59,2,0,58.204662204362734,13,4
412,2021-09-30 02:01:42,2022-09-30 02:01:42,12,1,138.10009355759576,82,3
413,2021-04-19 20:40:34,2021-12-19 20:40:34,8,1,53.40329374016395,2,7
414,2021-03-09 17:59:44,2021-10-09 17:59:44,7,0,341.3636213695714,29,0
415,2021-06-17 16:29:51,2022-04-17 16:29:51,10,0,454.1137470274941,85,8
416,2021-10-16 17:55:44,2022-08-16 17:55:44,10,1,159.56703345933465,79,0
417,2021-06-22 21:05:51,2021-08-22 21:05:51,2,0,467.165545158338,52,7
418,2021-02-19 18:55:54,2021-08-19 18:55:54,6,1,77.12032563030237,27,3
419,2021-01-27 06:17:22,2021-07-27 06:17:22,6,0,470.49621206248145,50,8
420,2021-06-24 23:40:05,2021-09-24 23:40:05,3,1,208.2302092578355,95,10
421,2021-01-23 22:58:29,2021-12-23 22:58:29,11,1,95.63937280214743,79,4
422,2021-03-31 14:02:21,2021-05-31 14:02:21,2,1,268.6422916338465,23,2
423,2021-07-15 12:39:57,2022-07-15 12:39:57,12,0,165.54945547422858,88,8
424,2021-07-31 19:01:57,2021-08-31 19:01:57,1,1,178.1928058828653,44,10
425,2021-04-26 20:13:25,2021-10-26 20:13:25,6,1,188.28048421682897,77,8
426,2021-05-03 22:04:28,2022-05-03 22:04:28,12,0,411.36165402469857,22,3
427,2021-04-28 16:07:14,2021-09-28 16:07:14,5,1,292.6225745038645,43,10
428,2021-03-12 15:58:45,2022-02-12 15:58:45,11,0,190.08846462020165,37,3
429,2021-11-02 03:40:10,2022-08-02 03:40:10,9,0,324.6502024899133,61,7
430,2021-08-22 23:30:34,2021-09-22 23:30:34,1,0,372.2678034004371,97,1
431,2021-10-13 18:35:13,2022-05-13 18:35:13,7,0,172.6808003300902,56,8
432,2021-11-11 14:05:08,2022-04-11 14:05:08,5,0,236.09709568640818,3,5
433,2021-05-12 02:10:37,2021-10-12 02:10:37,5,1,104.84874200162639,63,8
434,2021-08-11 14:53:20,2021-10-11 14:53:20,2,0,131.51720729060614,19,7
435,2021-11-24 15:49:47,2022-10-24 15:49:47,11,1,356.5030342842423,23,6
436,2021-08-30 16:03:58,2021-11-30 16:03:58,3,0,131.64725646303214,29,0
437,2021-01-17 09:56:15,2021-08-17 09:56:15,7,0,286.3235226501771,30,2
438,2021-08-27 05:45:04,2022-02-27 05:45:04,6,0,369.0708177750947,39,10
439,2021-06-30 02:07:55,2022-06-30 02:07:55,12,1,98.09461539263472,25,1
440,2021-07-04 00:47:56,2021-09-04 00:47:56,2,0,305.2904988330066,8,4
441,2021-12-15 06:20:31,2022-06-15 06:20:31,6,1,165.4532526656137,58,4
442,2021-03-26 02:16:35,2021-05-26 02:16:35,2,1,483.3170938569109,16,4
443,2021-02-13 16:02:42,2021-04-13 16:02:42,2,1,267.5955410239661,72,3
444,2021-05-26 14:27:11,2021-07-26 14:27:11,2,0,412.69664739882114,1,4
445,2021-08-29 23:03:12,2022-07-29 23:03:12,11,0,297.6019439703178,5,2
446,2021-08-14 17:57:19,2021-11-14 17:57:19,3,1,69.53563978466863,3,0
447,2021-09-18 06:24:16,2021-11-18 06:24:16,2,0,334.91811901731006,65,4
448,2021-04-28 11:10:35,2021-08-28 11:10:35,4,1,478.13150399299565,4,8
449,2021-05-28 01:43:55,2022-02-28 01:43:55,9,0,320.725319065849,99,8
450,2021-03-01 09:06:37,2021-09-01 09:06:37,6,1,418.6349867420556,96,3
451,2021-02-09 22:42:36,2021-03-09 22:42:36,1,1,447.8929085067835,64,2
452,2021-11-01 08:49:49,2022-07-01 08:49:49,8,1,152.6358973770196,98,0
453,2021-02-09 20:41:24,2022-02-09 20:41:24,12,0,145.42017795870197,89,1
454,2021-02-03 21:05:09,2021-09-03 21:05:09,7,1,324.9414449829463,10,7
455,2021-05-28 16:46:26,2022-03-28 16:46:26,10,0,234.9628114130171,21,0
456,2021-10-02 23:04:27,2022-01-02 23:04:27,3,0,427.93758629002417,46,7
457,2021-11-17 07:28:23,2021-12-17 07:28:23,1,1,455.010405529105,91,6
458,2021-05-11 12:06:52,2021-10-11 12:06:52,5,1,209.03962068622315,27,7
459,2021-11-10 15:06:24,2022-03-10 15:06:24,4,1,156.59175153851692,66,5
460,2021-10-20 18:59:57,2022-08-20 18:59:57,10,1,401.2364818597378,41,8
461,2021-10-12 05:01:40,2022-06-12 05:01:40,8,0,173.66271599666123,13,2
462,2021-04-09 10:11:42,2021-05-09 10:11:42,1,0,420.17644333115527,9,9
463,2021-05-14 08:18:42,2022-03-14 08:18:42,10,1,240.68221414194326,36,3
464,2021-07-07 08:41:31,2021-08-07 08:41:31,1,0,350.3974546811617,86,5
465,2021-03-13 22:17:04,2022-03-13 22:17:04,12,0,92.99089122560068,90,7
466,2021-09-08 05:30:27,2022-01-08 05:30:27,4,0,330.73669610445785,58,4
467,2021-09-25 18:13:18,2022-05-25 18:13:18,8,0,253.2954554317531,54,2
468,2021-02-20 04:24:28,2021-07-20 04:24:28,5,0,313.97380842896337,12,5
469,2021-04-24 14:23:16,2021-06-24 14:23:16,2,0,125.60639348518853,81,3
470,2021-06-19 13:31:11,2021-12-19 13:31:11,6,0,381.59318522488195,78,8
471,2021-05-22 16:00:32,2021-10-22 16:00:32,5,0,438.25868489445287,14,2
472,2021-08-08 19:39:43,2021-10-08 19:39:43,2,1,147.53291004084906,34,3
473,2021-02-14 23:33:22,2022-01-14 23:33:22,11,0,93.07154998407277,53,6
474,2021-09-27 22:32:31,2022-08-27 22:32:31,11,0,60.63736372085138,20,6
475,2021-10-01 09:00:01,2022-09-01 09:00:01,11,1,338.8871751994697,75,3
476,2021-04-16 01:49:12,2021-07-16 01:49:12,3,0,323.19231623995137,16,5
477,2021-07-22 03:28:41,2022-04-22 03:28:41,9,1,296.0138357213315,95,2
478,2021-11-18 11:45:34,2022-06-18 11:45:34,7,1,154.37619325218895,70,5
479,2021-01-24 00:32:53,2021-08-24 00:32:53,7,0,225.9076981574816,56,1
480,2021-02-05 15:46:01,2022-01-05 15:46:01,11,0,317.5143508337779,83,7
481,2021-01-17 08:54:26,2021-07-17 08:54:26,6,1,273.54508648662625,58,1
482,2021-01-06 03:38:21,2021-09-06 03:38:21,8,1,494.5034840966993,4,10
483,2021-06-20 07:58:15,2021-10-20 07:58:15,4,0,111.39788865052991,4,6
484,2021-10-16 00:10:25,2022-06-16 00:10:25,8,1,362.8150493214172,20,8
485,2021-10-07 23:30:39,2022-02-07 23:30:39,4,0,231.94344564693145,10,0
486,2021-12-18 23:58:38,2022-08-18 23:58:38,8,1,242.68982671652665,24,7
487,2021-10-10 07:08:05,2022-07-10 07:08:05,9,0,372.9189945461793,99,6
488,2021-12-19 03:52:54,2022-03-19 03:52:54,3,1,361.59626809596637,26,5
489,2021-12-28 11:15:13,2022-03-28 11:15:13,3,1,496.0651971659847,37,5
490,2021-07-26 23:25:50,2022-06-26 23:25:50,11,1,107.77743025435635,85,5
491,2021-05-15 10:46:50,2021-07-15 10:46:50,2,0,96.84934222287485,54,8
492,2021-11-06 14:23:37,2022-09-06 14:23:37,10,0,375.9524677079335,21,1
493,2021-04-28 23:10:57,2021-07-28 23:10:57,3,0,310.27411265288407,74,0
494,2021-04-22 06:21:13,2021-07-22 06:21:13,3,0,173.37229995191262,38,5
495,2021-11-14 19:52:48,2022-04-14 19:52:48,5,0,85.73871604504397,46,9
496,2021-09-02 13:32:23,2022-02-02 13:32:23,5,1,88.54621231839374,4,10
497,2021-03-26 16:02:40,2021-05-26 16:02:40,2,0,452.3858935988532,60,7
498,2021-07-09 08:06:32,2022-07-09 08:06:32,12,0,136.3402961234343,57,2
499,2021-12-23 12:01:46,2022-10-23 12:01:46,10,1,195.51720295198433,45,9
